2014-05-23 00:22:54,2014-05-23 01:27:28,01:04:34
2014-05-23 02:13:48,2014-05-23 03:19:44,01:05:56
2014-05-23 04:05:23,2014-05-23 05:14:57,01:09:34
2014-05-23 05:59:58,2014-05-23 07:10:19,01:10:21
2014-05-23 07:56:24,2014-05-23 09:04:21,01:07:57
2014-05-23 09:51:50,2014-05-23 10:56:58,01:05:08
2014-05-23 11:43:17,2014-05-23 12:47:35,01:04:18
2014-05-23 13:34:51,2014-05-23 14:39:42,01:04:51
2014-05-23 15:25:49,2014-05-23 16:33:46,01:07:57
2014-05-23 17:18:41,2014-05-23 18:28:02,01:09:21
2014-05-23 19:14:05,2014-05-23 20:24:28,01:10:23
2014-05-23 21:10:27,2014-05-23 22:16:45,01:06:18
2014-05-23 23:03:51,2014-05-23 23:59:09,00:55:18
